name,id,designation,system id,fleet pts,hitpoints,armor rating,max flux,8/6/5/4%,flux dissipation,ordnance points,max speed,acceleration,deceleration,max turn rate,turn acceleration,mass,shield type,defense id,shield arc,shield upkeep,shield efficiency,phase cost,phase upkeep,min crew,max crew,cargo,fuel,fuel/ly,range,hangar,base value,hints,number
Skinwalker,ms_skinwalker,,flarelauncher_fighter,,600,60,1200,,150,0,200,140,100,80,140,31,OMNI,,135,0.25,0.6,,,2,2,,,,,,,,52701
Neriad,ms_neriad,,,,300,30,400,,60,0,220,175,140,120,190,16,FRONT,,100,0.25,0.6,,,1,1,,,,,,,,52702
Charybdis,ms_charybdis,Carrier,drone_pd,18,4500,500,12000,12000,700,135,70,40,30,40,45,1700,FRONT,,300,0.7,0.7,,,120,360,350,300,2.75,90,25,37500,CARRIER,54911
Morningstar,ms_morningstar,Destroyer,drone_sensor,10,2400,350,6000,7500,400,80,110,80,60,60,100,280,FRONT,,260,0.2,0.7,,,20,60,50,40,0.75,100,10,14000,,54912
Enlil,ms_enlil,Frigate,flarelauncher,6,1350,200,2250,4000,200,55,110,80,80,90,120,95,FRONT,,190,0.2,0.7,,,12,36,60,40,1.25,70,0,7000,,54913
Seski,ms_seski,Corvette,displacer,4,750,50,2000,3000,160,40,160,170,120,140,200,60,OMNI,,60,0.3,0.8,,,6,18,35,50,1.25,70,0,5500,,54914
Shamash,ms_shamash,Phase Frigate,ms_phasemine,7,1200,200,3000,1500,210,35,150,140,120,130,150,80,PHASE,ms_phaseanchor,90,,,0.01,0.065,5,15,20,90,1.35,60,0,12000,,54915
Elysium,ms_elysium,Light Cruiser,ms_drivecharger,14,4000,1000,10000,9500,500,100,85,50,35,35,45,900,FRONT,,280,0.2,0.7,,,70,210,175,150,1.25,50,0,27500,,54916
Sargasso,ms_sargasso,Escort Carrier,ms_swacs,11,3000,200,3500,3500,250,60,70,50,40,40,45,340,FRONT,,200,0.7,0.7,,,30,90,60,60,1.45,80,18,12500,CARRIER,54917
Inanna,ms_inanna,Frigate,highenergyfocus,6,1600,300,2500,2500,200,60,130,90,70,70,70,130,OMNI,,80,0.2,0.7,,,15,45,60,50,1.25,75,0,8000,,54918
Mimir,ms_mimir,Battlecruiser,ms_mimirskimmir,22,8000,800,22000,800,1100,240,55,35,25,40,30,2200,FRONT,,260,0.5,0.7,,,175,525,600,450,2.5,75,20,115000,,54919
Mimir XV,ms_mimirBaus,Battlecruiser,ms_mimirskimmir,22,8000,800,22000,800,1100,240,55,35,25,40,30,2200,FRONT,,260,0.5,0.7,,,175,525,600,450,2.5,75,20,115000,,54920

"Diamondback","syndicate_asp_diamondback","Frigate","flarelauncher_active",6,1000,145,2500,,125,30,140,110,75,80,80,325,"OMNI",,120,0.4,0.8,,,25,50,80,65,1.4,50,6,9000,,991001
"Copperhead","syndicate_asp_copperhead","Destroyer","burndrive",10,3000,400,5000,,200,60,100,40,40,40,30,650,"OMNI",,90,0.4,0.8,,,50,150,250,150,3,65,10,16000,,991002
"Gigantophis","syndicate_asp_gigantophis","Cruiser","drone_pd",16,8000,750,12000,,400,120,60,10,10,10,10,2500,"FRONT",,300,0.4,0.8,,,250,800,750,400,10,70,20,50000,,991003
"Constrictor","syndicate_asp_constrictor","Fighter",,,1000,100,800,,100,16,100,50,50,40,80,100,"FRONT",,120,0.4,0.8,,,2,2,0,0,0,0,0,0,,991004
"Venom","syndicate_asp_venom","Fighter",,,500,50,400,,50,10,140,75,75,100,150,50,"FRONT",,45,0.4,0.8,,,1,1,0,0,0,0,0,0,,991005
"Bite","syndicate_asp_bite","Fighter",,,350,40,200,,30,6,175,160,140,100,200,30,"NONE",,0,0,,,0,1,1,0,0,0,0,0,0,,991006

"Spike","junk_pirates_spike",,,,300,200,600,,50,0,135,60,30,100,180,30,"NONE",,0,0,0,,,1,1,,,,,,,,321604
"Cleat","junk_pirates_cleat",,,,100,50,400,,75,0,190,120,40,80,80,20,"FRONT",,90,0.4,0.8,,,2,2,,,,,,,,321605
"Sickle","junk_pirates_sickle","Frigate","burndrive",6,1500,120,2250,,220,40,150,100,80,120,120,200,"OMNI",,90,0.2,0.8,,,15,25,30,40,1,40,,6000,,321601
"Octopus","junk_pirates_octopus","Freighter","drone_pd_x2",10,5000,550,3500,,250,50,50,35,15,25,20,600,"FRONT",,270,0.6,1,,,40,120,400,400,4,55,20,9000,,321602
"Hammer","junk_pirates_hammer","Frigate","fastmissileracks",5,1600,140,1500,,90,45,120,160,140,260,160,180,"FRONT",,120,0.2,0.8,,,15,20,25,45,1,40,,4500,,321603
"Dugong","junk_pirates_dugong","Cruiser","ammofeed",18,4500,800,8500,,450,135,55,40,15,25,20,600,"OMNI",,120,0.2,1,,,65,75,45,450,3,60,,20000,,321606
"Boxer","junk_pirates_boxer","Destroyer","maneuveringjets",11,3000,1250,4500,,325,75,60,25,15,45,25,420,"FRONT",,210,0.6,1,,,35,45,55,155,2.5,35,3,13500,,321607
"Onslaught","junk_pirates_onslaught_overdrive","Battleship","burndrive",20,18000,1500,7500,,500,200,110,45,25,50,40,3400,"FRONT",,180,0.4,0.8,,,200,250,350,300,20,50,15,180000,,321500
"Boxenstein","junk_pirates_boxenstein","Destroyer","maneuveringjets",12,3800,1400,6000,,350,100,50,20,15,35,25,500,"FRONT",,210,0.5,1,,,75,85,60,160,3,35,6,19000,,321608
"Clam","junk_pirates_clam","Frigate","fortressshield",7,1800,300,2750,,280,45,75,120,100,100,140,220,"FRONT",,360,0.35,0.8,,,10,20,40,40,1.2,40,,5000,,321609
"Orca","junk_pirates_orca","Battleship","drone_pd",16,6000,700,11000,,375,150,25,25,25,20,20,2800,"FRONT",,250,0.35,0.8,,,80,260,350,650,12,45,30,65000,,321610
"Shard","junk_pirates_shard",,,,550,150,600,,50,0,135,40,40,70,120,40,"NONE",,0,0,0,,,3,3,,,,,,,,321611
"Stoat (A Variant)","junk_pirates_stoatA","Frigate","burndrive",4,1900,50,250,,100,5,40,5,5,25,15,300,"NONE",,0,0,0,,,4,12,100,120,0.8,80,CIVILIAN,2000,,321612
"Stoat (B Variant)","junk_pirates_stoatB","Frigate","burndrive",4,1900,50,100,,100,4,40,5,5,25,15,300,"NONE",,0,0,0,,,4,12,100,120,0.8,80,CIVILIAN,2000,,321613
"Langoustine","junk_pirates_langoustine","Destroyer","highenergyfocus",10,3500,400,4800,,450,80,100,65,40,85,65,580,"FRONT",,120,0.3,0.8,,,35,55,40,140,2.5,40,5,12000,,321614
"Scythe","junk_pirates_scythe","Destroyer","flarelauncher",9,2400,250,3000,,450,65,105,85,65,95,85,320,"OMNI",,110,0.5,1.2,,,25,75,150,160,1.6,60,10,8000,,321615
"Goat","junk_pirates_goat","Cruiser","drone_sensor",14,7500,1000,10000,,500,90,55,45,35,25,25,2100,"FRONT",,300,0.7,0.8,,,125,275,300,200,4,75,16,24000,,321616
"Kraken","junk_pirates_kraken","Battleship","highenergyfocus",20,14000,1250,15000,,750,280,45,15,15,10,5,3500,"FRONT",,220,0.3,0.8,,,350,450,500,650,15,65,25,80000,,321617
"Turbot","junk_pirates_turbot","Destroyer","junk_pirates_drone_phase",10,2500,400,5000,,200,65,90,50,50,65,65,450,"PHASE","phasecloak",120,,,0.05,0.05,75,85,50,50,4,50,0,28000,,321618
"Phase Drone","junk_pirates_drone_phase",,,,30,10,100,,50,,200,250,250,180,360,5,"PHASE","phasecloak",90,,,0.05,0.05,,,,,,,,,,321999
"The Reaper","junk_pirates_the_reaper","Constructor","junk_pirates_tnt_drone",20,15000,500,10000,,450,125,35,15,15,8,8,3000,"FRONT",,120,0.4,1,,,300,450,450,300,18,40,20,90000,,312619
"Welding Drone","junk_pirates_welding_drone",,,,60,20,100,,50,,200,250,250,180,360,5,"NONE",,,,,,,,,,,,,,,,321998
"TNT Drone","junk_pirates_tnt_drone",,"junk_pirates_welding_drones",,120,150,200,,50,,125,120,80,180,180,15,"NONE",,,,,,,,,,,,,,,,321997
"Splinter","junk_pirates_splinter",,,,400,150,300,,50,14,145,145,145,145,100,150,"NONE",,,,1,,,1,1,,,,,,,,321620

Sandstorm,nom_sandstorm,Battleship,highenergyfocus,20,15000,1200,24000,,925,275,50,20,15,10,6,3000,OMNI,,130,0.4,0.6,,,400,600,200,300,2,50,2,100000,,1337106
Gila Monster,nom_gila_monster,Battleship,drone_pd,24,25000,800,28000,,1000,150,30,15,10,4.25,3.12,5100,OMNI,,165,0.4,0.65,,,550,1500,600,1200,30,40,30,160000,,1337104
Scorpion,nom_scorpion,Destroyer,fastmissileracks,10,3000,225,1200,,225,105,65,50,20,30,30,200,OMNI,,220,0.15,0.5,,,10,15,100,100,2,50,5,9000,,1337105
Komodo,nom_komodo,Destroyer,drone_sensor,9,4500,450,3750,,365,85,80,50,40,28,60,400,OMNI,,160,0.25,0.8,,,30,60,150,150,1,50,3,12000,,1337103
Yellowjacket,nom_yellowjacket,Frigate,highenergyfocus,6,550,120,1300,,240,45,150,155,120,70,85,100,OMNI,,220,0.3,1,,,10,15,10,20,1,25,0,8000,,1337107
Wurm,nom_wurm,Frigate,maneuveringjets,4,1250,200,1000,,250,30,130,120,110,80,200,150,OMNI,,120,0.2,0.4,,,12,24,75,75,0.25,60,1,4500,,1337102
Iguana,nom_iguana,,,,750,100,550,,225,,175,100,125,108,275,50,OMNI,,90,0.08,0.85,,,4,4,,,,,,,,1337101
Scarab,nom_scarab,,,,300,50,225,,55,,185,120,110,120,220,10,NONE,,0,0,0,,,1,1,,,,,,,,1337100

,,,,,,,,,,,,,,,,,,,,,,,,,,,,,,,,
Buzzer,mrd_buzzer,Interceptor,,,300,30,400,,150,18,225,130,80,100,200,20,FRONT,,260,0.2,0.6,,,1,1,,,,,,,,113
Buzzer Escort,mrd_buzzer_escort,Interceptor,,,300,30,400,,150,18,225,130,80,100,200,20,FRONT,,260,0.2,0.6,,,1,1,,,,,,,,114
Buzzer Mk. II,mrd_buzzer_mk_ii,Interceptor,,,300,60,400,,150,15,200,100,80,100,180,25,FRONT,,260,0.25,0.6,,,1,1,,,,,,,,115
Buzzer Droid,mrd_buzzer_droid,Fighter,,,250,25,300,,100,12,225,200,100,150,250,10,FRONT,,260,0.25,0.5,,,0,0,,,,,,,,117
Hunter,mrd_hunter,Fighter,,,700,125,200,,60,18,170,70,100,90,180,35,NONE,,0,,,,,1,1,,,,,,,,118
Hound,mrd_hound,Heavy Bomber,,,900,100,1100,,400,27,150,90,75,90,130,50,OMNI,,180,0.2,0.5,,,2,2,2,,,,,,,119
Oppressor,mrd_oppressor,Multirole Fighter,,,1000,100,1200,,300,27,125,80,70,90,120,70,OMNI,,120,0.25,0.6,,,3,3,3,,,,,,,120
Oppressor,mrd_oppressor_ds,Multirole Fighter,,,1000,100,1200,,300,27,125,80,70,90,120,70,OMNI,,120,0.25,0.6,,,3,3,3,,,,,,,121
Oppressor,mrd_oppressor_escort,Multirole Escort Fighter,,,1000,100,1200,,300,27,125,80,70,90,120,70,OMNI,,120,0.25,0.6,,,3,3,3,,,,,,,122
Oppressor,mrd_oppressor_int_escort,Heavy Interceptor,,,600,80,1000,,260,27,160,100,90,100,180,45,OMNI,,160,0.25,0.5,,,3,3,3,,,,,,,123
Oppressor,mrd_oppressor_int,Heavy Interceptor,,,600,80,1000,,260,27,160,100,90,100,180,45,OMNI,,160,0.25,0.5,,,3,3,3,,,,,,,124
Striker,mrd_striker,Fighter,,,450,70,200,,40,20,180,70,90,80,100,30,NONE,,0,0,0,,,1,1,,,,,,,,125
Striker Droid,mrd_striker_droid,Fighter,,,400,40,150,,30,12,200,180,100,100,100,10,NONE,,0,,,,,0,0,,,,,,,,126
Buzz Drone,mrd_drone,Interceptor,,,120,25,600,,150,18,180,90,70,100,180,8,OMNI,,150,0.2,0.4,,,0,0,,,,,,,,127
Buzz Drone  Escort,mrd_drone_buzz,Interceptor,,,120,25,600,,150,18,180,90,70,100,180,8,OMNI,,150,0.2,0.4,,,0,0,,,,,,,,128
,,,,,,,,,,,,,,,,,,,,,,,,,,,,,,,,
Slasher,mrd_slasher,Frigate,flarelauncher,5,1800,250,3000,,205,55,110,90,70,60,80,225,OMNI,,150,0.25,0.8,,,20,45,45,50,1.25,40,,5000,,210
Ambassador,mrd_ambassador,Frigate,emp,6,2400,250,3200,,270,60,115,80,70,50,60,280,OMNI,,150,0.25,0.6,,,30,50,50,60,1.3,40,,7000,,211
Spearhead,mrd_spearhead,Frigate,flarelauncher,7,2500,280,3750,,330,75,100,80,60,40,55,320,OMNI,,150,0.25,0.8,,,25,50,55,70,1.3,40,,6750,,212
Spearhead Mk. II,mrd_spearhead_mk_ii,Frigate,flarelauncher,9,2500,280,4000,,350,90,95,75,55,40,55,330,OMNI,,150,0.25,0.8,,,25,50,55,70,1.3,40,,7800,,213
Dragon Fly,mrd_dragonfly,Frigate,mrd_flarelauncher,9,2000,300,3800,,380,80,155,80,70,50,40,375,OMNI,,160,0.3,0.7,,,20,45,60,90,1.4,38,,16850,,214
Sparrow,mrd_sparrow,Frigate,phaseteleporter,10,2000,100,4200,,400,110,170,90,70,50,40,360,FRONT,,270,0.2,0.4,,,10,15,40,70,1.2,40,,13800,,215
Defender I,mrd_defender,Frigate,mrd_flarelauncher,7,1800,250,3000,,205,30,180,110,80,50,100,225,FRONT,,270,0.25,0.6,,,3,10,30,40,1,36,,9000,,216
,,,,,,,,,,,,,,,,,,,,,,,,,,,,,,,,
Counselor,mrd_counselor,Destroyer,mrd_drone_buzz_frigate,12,3750,350,6500,,450,125,85,60,25,20,25,640,OMNI,,120,0.3,0.4,,,25,50,80,100,1.4,42,2,17800,,217
Centurion,mrd_centurion,Destroyer,mrd_flarelauncher,9,3000,300,4800,,400,115,90,60,40,20,20,600,OMNI,,130,0.3,0.4,,,20,40,65,100,1.3,40,1,16500,,218
Prefect,mrd_prefect,Destroyer,mrd_flarelauncher,9,2600,250,3800,,350,100,85,60,40,20,20,500,OMNI,,130,0.3,0.4,,,20,35,55,90,1.1,40,15,14000,CARRIER,219
Alliance,mrd_alliance,Destroyer,burndrive,10,2900,400,5500,,420,80,90,60,40,30,50,550,FRONT,,270,0.3,0.4,,,10,30,60,100,1.2,36,2,17000,,220
Phantom,mrd_phantom,Destroyer,burndrive,14,4500,450,7000,,450,130,75,50,35,25,25,820,FRONT,,270,0.3,0.6,,,35,55,75,110,1.5,38,4,18900,,221
,,,,,,,,,,,,,,,,,,,,,,,,,,,,,,,,
Mustang,mrd_mustang,Freighter,mrd_flarelauncher,12,6000,300,4500,,350,95,45,20,15,6,8,1800,OMNI,,45,0.5,1,,,40,200,2400,1150,8,46,20,20000,,406
Mustang Mk. II,mrd_mustang_mk_ii,Cruiser,burndrive,15,9200,650,13500,,750,150,45,22,15,6,9,1950,OMNI,,120,0.4,0.8,,,120,200,420,520,8,46,10,28600,,407
Spartakan,mrd_spartakan,Heavy Destroyer,burndrive,12,6000,600,6000,,450,120,50,25,20,9,15,1300,OMNI,,120,0.25,0.6,,,80,145,200,300,5,48,6,21800,,408
Vulture,mrd_vulture,Cruiser,mrd_maneuveringjets,15,11500,900,17500,,800,190,40,18,15,8,12,2450,OMNI,,120,0.4,0.8,,,180,250,300,450,12,50,12,26000,,409
Raven,mrd_raven,Light Cruiser,mrd_maneuveringjets,12,10000,850,13000,,780,160,50,22,15,10,15,2280,OMNI,,150,0.4,0.8,,,90,140,200,340,8,50,10,22900,,410
Raven Mk. II,mrd_raven_mk_ii,Battlecruiser,mrd_maneuveringjets,14,11000,1000,13800,,800,165,45,20,15,8,15,2520,OMNI,,120,0.4,0.8,,,160,240,300,420,12,46,16,25300,,411
Kiwi,mrd_kiwi,Battlecruiser,mrd_buzzer_escort_Kiwi,17,12000,950,15500,,820,170,40,18,15,8,12,2630,OMNI,,130,0.4,0.6,,,200,250,380,480,12,50,30,54000,CARRIER,412
Centaur,mrd_centaur,Battlecruiser,mrd_fortressshield,18,14000,700,20000,,1150,275,50,15,14,5,6,2990,OMNI,,150,0.4,0.4,,,345,480,350,900,20,40,15,75000,,413
,,,,,,,,,,,,,,,,,,,,,,,,,,,,,,,,
Venator,mrd_venator,Heavy Carrier,mrd_drone_buzz,18,12000,800,17000,,1000,290,35,12,10,5,5,3225,OMNI,,120,0.25,0.6,,,350,550,450,780,17,50,40,90000,CARRIER,506
Venator Mk. II,mrd_venator_mk_II,Heavy Carrier,mrd_buzzer_escort,25,14000,1000,22000,,1200,360,30,10,10,5,6,3350,OMNI,,120,0.25,0.5,,,400,550,450,780,17,50,50,145000,CARRIER,507
Overlord,mrd_overlord,Battleship,mrd_burndrive,27,22000,1750,28000,,1350,430,22,4,7,2,6,5490,OMNI,,90,0.5,0.6,,,600,800,600,960,28,38,26,190800,,508
Hawk,mrd_hawk,Battleship,mrd_burndrive,18,14000,1000,20000,,1000,250,30,13,10,5,7,3780,OMNI,,110,0.4,0.6,,,380,525,400,680,15,44,24,120000,,509
Hawk Mk. IA,mrd_hawk_1A,Battleship,mrd_oppressor_int_escort_capital,20,14000,1000,20000,,1000,250,30,13,10,5,7,3780,OMNI,,110,0.4,0.5,,,450,500,370,680,15,44,50,120000,CARRIER,510
"Hawk Mk. II ""Allegiance""",mrd_hawk_mk_ii_allegiance_B,Battleship,mrd_burndrive,22,17000,1150,24000,,1180,310,28,10,9,4,7,4000,OMNI,,110,0.4,0.5,,,400,600,480,760,16,44,30,160000,,511
,,,,,,,,,,,,,,,,,,,,,,,,,,,,,,,,
"Hawk Mk. III ""Council Pride""",mrd_hawk_mk_iii_hegemony_spear,Battleship,mrd_burndrive,27,18000,1100,28500,,1350,430,26,7,8,3,6,5380,OMNI,,120,0.4,0.5,,,450,600,380,850,22,40,36,184500,,512
"Hawk Mk. IV ""Phoenix""",mrd_hawk_mk_iv_phoenix,Battleship,mrd_burndrive,25,19000,1100,25000,,1300,400,28,8,9,4,6,4760,OMNI,,120,0.4,0.5,,,450,600,420,800,20,40,36,220000,,513
Omega,mrd_omega,Dreadnought,fortressshield,35,32000,1750,80000,,4000,810,20,6,7,3,5,12000,OMNI,,100,0.2,0.6,,,1200,2000,600,1400,32,46,60,1200000,,514

Nevermore,nevermore,Cruiser,burstjets,16,8500,700,7600,5,600,150,65,28,30,14,24,1600,FRONT,,190,0.45,0.8,0,0,45,80,80,60,10,60,5,32000,,12345
Scarab,scarab,Frigate,burstjets,6,2500,250,3000,4,235,55,90,50,50,35,35,400,FRONT,,180,0.37,1.15,0,0,15,35,60,55,6,50,3,6400,,12345
Desdinova,desdinova,Destroyer,desdinovajets,13,5000,600,6800,4,450,105,90,90,80,34,70,700,OMNI,,80,0.46,1.05,0,0,22,40,40,80,5,70,0,17000,,12345
Krait,brdy_krait,,,,750,180,1600,4,160,0,130,330,330,145,280,40,NONE,,90,0.13,0.6,0,0,2,2,0,1,1,50,0,,,12345
Locust,brdy_locust,Gunship,flarelauncher_active,5,1500,200,2300,4,210,35,165,150,100,140,210,400,OMNI,,130,0.17,1.05,,,5,10,35,5,1,5,0,4800,,12345
Revenant,brdy_revenant,Cruiser,revenantdrones,13,8000,800,6000,5,480,120,60,32,32,13,24,2250,OMNI,,100,0.49,1.35,,,65,160,250,140,4,50,16,25000,CARRIER,12345
Barracuda,barracuda_drone,Drone,,,400,50,750,4,90,,160,220,250,180,300,20,NONE,,,,,,,,,,,,,,,,
Gonodactylus,brdy_gonodactylus,Destroyer,arcjetburner,10,5600,800,4000,4,360,70,75,100,130,30,44,1200,OMNI,,70,0.21,1.0,,,25,50,150,90,6,,10,9400,,12345
,,,,,,,,,,,,,,,,,,,,,,,,,,,,,,,,,
Mantis,brdy_mantis,Frigate,fastmissileracks,7,1500,250,2200,4,200,50,155,125,135,90,140,300,OMNI,,120,0.24,1,,,6,12,30,40,,,0,8400,,12345
,,,,,,,,,,,,,,,,,,,,,,,,,,,,,,,,,
Kurmaraja,brdy_kurmaraja,Battlecruiser,gravityfield,19,10000,900,15500,4,850,210,70,45,33,11,25,2600,OMNI,,180,0.5,0.8,,,150,450,450,300,3.5,86,20,95000,,12345
Squilla,brdy_squilla,,,,600,75,1000,,100,0,150,140,100,70,90,50,FRONT,,140,0.3,0.45,,,3,3,,,,,,,,
Serket,brdy_serket,,,,600,130,1000,,175,,170,300,250,230,240,50,PHASE,phasecloak,,,,0.02,0.026,3,3,,,,,,,,
Cetonia,brdy_cetonia,Freight Courier,flarelauncher_active,8,3600,500,3000,4,160,45,80,35,35,24,25,500,FRONT,,320,0.45,0.9,,,40,100,300,120,2.5,48,8,8500,CIVILIAN,12345
Typheus,brdy_typheus,Pocket Carrier,brdy_sentineldrone,10,3800,500,3000,4,200,55,70,25,30,22,16,500,OMNI,,100,0.37,1.0,,,50,120,150,100,2.5,40,12,9800,CARRIER,12345
Stenos,brdy_stenos,Cruiser,brdy_sentineldrone,14,8000,600,6000,5,500,150,75,32,32,13,24,2250,OMNI,,100,0.49,1.1,,,65,150,200,175,4,50,16,25000,,12345
Sentinel,brdy_sentinel_drone,Drone,burstjets_drone,,700,75,1200,4,195,,80,280,300,180,200,25,OMNI,,90,0.5,0.5,,,,,,,,,,,,12345
,,,,,,,,,,,,,,,,,,,,,,,,,,,,,,,,,
,,,,,,,,,,,,,,,,,,,,,,,,,,,,,,,,,
,,,,,,,,,,,,,,,,,,,,,,,,,,,,,,,,,
,,,,,,,,,,,,,,,,,,,,,,,,,,,,,,,,,
,,,,,,,,,,,,,,,,,,,,,,,,,,,,,,,,,
,,,,,,,,,,,,,,,,,,,,,,,,,,,,,,,,,
,,,,,,,,,,,,,,,,,,,,,,,,,,,,,,,,,
,,,,,,,,,,,,,,,,,,,,,,,,,,,,,,,,,
,,,,,,,,,,,,,,,,,,,,,,,,,,,,,,,,,
,,,,,,,,,,,,,,,,,,,,,,,,,,,,,,,,,
,,,,,,,,,,,,,,,,,,,,,,,,,,,,,,,,,
,,,,,,,,,,,,,,,,,,,,,,,,,,,,,,,,,
,,,,,,,,,,,,,,,,,,,,,,,,,,,,,,,,,
,,,,,,,,,,,,,,,,,,,,,,,,,,,,,,,,,
,,,,,,,,,,,,,,,,,,,,,,,,,,,,,,,,,
,,,,,,,,,,,,,,,,,,,,,,,,,,,,,,,,,
,,,,,,,,,,,,,,,,,,,,,,,,,,,,,,,,,
,,,,,,,,,,,,,,,,,,,,,,,,,,,,,,,,,
,,,,,,,,,,,,,,,,,,,,,,,,,,,,,,,,,
Stormcrow,brdy_stormcrow,Cruiser,desdinovajets,18,7000,1000,11000,5,800,170,85,32,34,15,25,1600,FRONT,,240,0.4,0.75,0,0,45,80,80,60,10,60,5,42000,,420666420

Sentinel,frigate_sentinel,Frigate,algaedrive,5,2250,285,600,,75,40,170,80,75,70,65,160,NONE,,0,0,0,,,5,10,20,20,1,50,0,4250,,12345
Azores,frigate_azores,Dated Frigate,algaedrive,4,2750,260,600,,75,45,140,65,60,55,55,195,NONE,,0,0,0,,,10,25,30,30,1,50,0,3000,,12345
Anchor,frigate_anchor,Frigate,algaedrive,5,3000,285,600,,75,40,150,70,65,60,60,225,NONE,,0,0,0,,,10,30,35,35,1,50,0,4000,,12345
Forlorn,frigate_forlorn,Dated Frigate,algaedrive,4,1750,235,1200,,125,45,150,70,65,55,55,185,NONE,,0,0,0,,,5,20,25,25,1,50,0,3250,,12345
Cape,frigate_cape,Advanced Frigate,algaedrive,6,2500,335,1200,,125,55,160,75,70,65,65,225,NONE,,0,0,0,,,10,45,40,40,1,50,0,5000,,12345
Donovan,frigate_donovan,Advanced Frigate,algaedrive,6,2750,360,1200,,125,55,145,65,60,55,55,250,NONE,,0,0,0,,,10,35,30,30,1,50,0,5500,,12345
Timaeus,destroyer_timaeus,Dated Destroyer,algaedrive,7,4750,525,1800,,175,75,125,55,50,45,45,350,NONE,,0,0,0,,,15,50,45,45,2,50,3,7000,,12345
Critias,destroyer_critias,Destroyer,algaedrive,8,5500,475,1800,,175,80,130,60,55,50,50,325,NONE,,0,0,0,,,20,50,50,50,2,50,0,8000,,12345
Oracle,cruiser_oracle,Pocket Cruiser,algaedrive,9,6000,575,2500,,225,95,115,50,45,40,40,400,NONE,,0,0,0,,,20,55,60,60,2,50,6,9500,,12345
Poseidon,destroyer_poseidon,Satellite,algaedrive,5,3250,375,1800,,175,65,70,55,50,65,65,300,NONE,,0,0,0,,,5,15,25,25,2,50,0,4750,,12345
Gibborim,cruiser_gibborim,Station,algaedrive,9,4500,575,2500,,225,105,60,45,40,60,60,450,NONE,,0,0,0,,,25,75,125,125,3,50,9,8250,,12345
Deluge,cruiser_deluge,Cruiser,algaedrive,10,8750,650,3000,,275,150,105,45,40,35,35,500,NONE,,0,0,0,,,25,60,90,90,3,50,0,12500,,12345
Athens,cruiser_athens,Station,algaedrive,10,5500,575,3000,,275,95,50,35,30,50,50,475,NONE,,0,0,0,,,30,90,135,135,3,50,12,10000,,12345
Calypso,capital_calypso,Orbital Colony,algaedrive,12,11250,850,4000,,325,215,50,35,30,25,25,1000,NONE,,0,0,0,,,50,250,225,225,5,50,18,18500,,12345
Gadeirus,cruiser_gadeirus,Armoured Cruiser,algaedrive,11,9250,700,3000,,275,170,95,40,35,30,30,550,NONE,,0,0,0,,,25,65,100,100,3,50,6,14500,,12345
Column,frigate_column,Satellite,algaedrive,3,1500,185,300,,50,35,70,55,50,65,65,175,NONE,,0,0,0,,,5,10,5,5,1,50,0,2750,,12345
Atlantis,capital_atlantis,Sirius Starship,algaedrive,14,14500,825,5000,,350,270,80,35,30,25,25,1200,NONE,,0,0,0,,,60,220,175,175,5,50,12,20000,,12345
Nephilim,cruiser_nephilim,Advanced Cruiser,algaedrive,12,10500,725,3750,,300,130,95,40,35,30,30,650,NONE,,0,0,0,,,30,90,110,110,4,50,3,16500,,12345
Halyard,destroyer_halyard,Sonic Destroyer,algaedrive,8,5000,525,2000,,200,65,100,45,40,35,35,375,NONE,,0,0,0,,,15,55,40,40,2,50,0,7500,,12345
Bulwark,frigate_bulwark,Torpedo Frigate,algaedrive,6,2750,260,600,,75,40,130,60,55,50,50,200,NONE,,0,0,0,,,5,15,15,15,1,50,0,3750,,12345
Wrecked Atlantis,capital_ghostship,Ghost Starship,algaedrive,16,17500,875,6000,,400,270,70,30,25,20,20,1200,NONE,,0,0,0,,,60,220,150,150,5,50,12,25000,,12345
Spine Debris,frigate_spinedebris,Debris,algaedrive,3,2850,285,1100,,100,30,40,15,10,5,5,200,NONE,,0,0,0,,,10,25,5,5,1,50,0,2500,,12345
Plating Debris,frigate_platingdebris,Debris,algaedrive,3,2350,335,1100,,100,30,40,15,10,5,5,250,NONE,,0,0,0,,,10,25,5,5,1,50,0,2500,,12345
Hull Debris,frigate_hulldebris,Debris,algaedrive,3,2850,285,1100,,100,30,50,20,15,10,10,200,NONE,,0,0,0,,,10,25,5,5,1,50,0,2500,,12345
Engine Debris,frigate_enginedebris,Debris,algaedrive,3,2350,285,1100,,100,30,60,25,20,15,15,300,NONE,,0,0,0,,,10,25,5,5,1,50,0,2500,,12345
Bridge Debris,frigate_bridgedebris,Debris,algaedrive,3,2850,285,1100,,100,30,40,15,10,5,5,300,NONE,,0,0,0,,,10,25,5,5,1,50,0,2500,,12345
Atol,capital_atol,Harbourship,algaedrive,18,18500,1100,6000,,375,315,60,25,20,15,15,2000,NONE,,0,0,0,,,80,340,275,275,10,50,24,27500,,12345
Persephone,fighter_persephone,Strikecraft,,3,1750,175,400,,50,0,160,60,55,50,50,100,NONE,,0,0,1,,,2,4,0,0,0,50,0,3000,,12345
Persephone Ghost,fighter_persephoneghost,Strikecraft,,3,2000,185,400,,50,0,170,60,55,50,50,100,NONE,,0,0,1,,,2,4,0,0,0,50,0,2500,,12345
Wayfarer,capital_wayfarer,Harbourship,algaedrive,20,25000,1450,7000,,400,330,70,30,25,20,20,2250,NONE,,0,0,0,,,100,400,325,325,10,50,24,32500,,12345
Persephone Wayfarer,fighter_persephonewayfarer,Strikecraft,,3,2250,195,500,,75,0,170,65,60,55,55,100,NONE,,0,0,1,,,2,4,0,0,0,50,0,4000,,12345
Demeter,fighter_demeter,Escort,,2,1850,225,400,,50,0,150,60,55,50,50,150,NONE,,0,0,1,,,2,6,0,0,0,50,0,3500,,12345
Halyard Mk2,cruiser_halyardmk2,Pocket Cruiser,algaedrive,9,5850,600,3500,,275,85,95,40,35,30,30,400,NONE,,0,0,0,,,20,60,45,45,2,50,0,10000,,12345
Troy,capital_troy,Trade Station,drone_pd_x2,16,19500,1350,5500,,350,300,20,15,10,5,5,2250,NONE,,0,0,1,,,100,380,325,325,10,50,30,30000,,12345

,,,,,,,,,,,,,,,,,,,,,,,,,,,,,,,
,,,,,,,,,,,,,,,,,,,,,,,,,,,,,,,# Capital/Super-Capital Ships
,,,,,,,,,,,,,,,,,,,,,,,,,,,,,,,
Vatican Mk.IV,vatican_IV,Dreadnought,valkyria,40,30000,2250,30000,,1250,775,10,1.5,1.5,1.5,0.5,7500,FRONT,,295,0.35,1.2,,,1000,1750,1000,2000,100,20,30,350000,,
Vatican Mk.III,vatican_III,Supercarrier,commandbuff,30,22500,1950,25500,,1125,525,10,2.5,2.5,3,1,5500,FRONT,,295,0.35,1.2,,,750,1000,800,1200,25,35,26,210000,,
Yoshura,yoshura,Battleship,incendiaryammo,28,18750,1750,23500,,1075,385,20,15,10,4,2,3750,FRONT,,270,0.35,1.2,,,500,750,500,1000,22.5,45,22,152500,,
Radiance,radiance,Battleship,burndrive,26,16500,1500,23500,,975,450,20,15,10,5,3,3550,FRONT,,270,0.35,1.2,,,425,500,400,500,15,33,20,102500,,
Vatican Mk.II,vatican_II,Heavy Battlecruiser,fastmissileracks,22,14500,1350,21750,,950,450,30,20,10,6,4,2750,FRONT,,270,0.35,1.2,,,375,500,400,500,15,33,30,85250,,
Vatican Mk.I,vatican_I,Battlecruiser,ammofeed,20,12000,1200,20000,,935,350,35,15,10,8,6,2250,FRONT,,270,0.35,1.2,,,375,500,400,500,15,33,16,62500,,
,,,,,,,,,,,,,,,,,,,,,,,,,,,,,,,
,,,,,,,,,,,,,,,,,,,,,,,,,,,,,,,# Cruisers
,,,,,,,,,,,,,,,,,,,,,,,,,,,,,,,
Nirvana Mk.III,nirvana_III,Heavy Cruiser,fastmissileracks,18,12000,1200,17500,,850,275,40,30,20,12,10,1850,FRONT,,270,0.35,1.2,,,255,375,300,350,10,35,12,56000,,
Nirvana Mk.II,nirvana_II,Heavy Cruiser,fastmissileracks,17,11000,1150,15000,,700,235,45,35,20,14,12,1750,FRONT,,270,0.35,1.2,,,255,375,300,350,10,35,12,47500,,
Almire Mk.II,almire_II,Heavy Cruiser,incendiaryammo,17,10000,1100,13750,,650,235,45,35,20,14,12,1650,FRONT,,270,0.35,1.2,,,255,375,300,350,10,35,12,44000,,
Nirvana,nirvana,Heavy Cruiser,fastmissileracks,16,8000,1000,12500,,550,235,50,45,20,16,14,1550,FRONT,,270,0.35,1.2,,,225,325,275,300,10,30,10,36000,,
Almire,almire,Cruiser,ammofeed,15,7500,800,10500,,450,215,50,45,30,18,16,1450,FRONT,,270,0.35,1.2,,,185,265,225,250,10,25,8,28000,,
,,,,,,,,,,,,,,,,,,,,,,,,,,,,,,,
,,,,,,,,,,,,,,,,,,,,,,,,,,,,,,,# Destroyers
,,,,,,,,,,,,,,,,,,,,,,,,,,,,,,,
Elysium,elysium,Heavy Destroyer,burndrive,13,5500,700,5500,,375,115,70,50,35,30,35,950,FRONT,,270,0.35,1,,,100,160,180,200,5,40,6,18000,,
Herald,herald,Heavy Destroyer,drone_shield_midline,13,5500,650,5500,,375,165,70,50,35,30,35,1150,FRONT,,270,0.35,1,,,145,225,205,225,10,25,12,18000,,
Heron,heron,Carrier,drone_pd_midline,12,5000,550,4500,,325,90,75,55,35,35,50,750,FRONT,,270,0.35,1,,,80,120,175,200,10,20,16,16000,,
Elfheim,elfheim,Destroyer,incendiaryammo,10,5000,550,5000,,350,115,70,55,35,40,55,750,FRONT,,270,0.35,1,,,80,120,175,200,10,20,6,14000,,
Tesladora Mk.II,tesladora_ii,Heavy Platform,drone_shield_midline,10,5000,500,4500,,300,125,15,10,15,45,60,600,OMNI,,120,0.35,1,,,80,120,175,200,10,20,16,12000,,
Valkyrie Mk.II,valkyrie_b,Light Carrier,fastmissileracks,8,3500,400,3250,,225,60,80,60,60,45,60,450,OMNI,,90,0.35,1,,,60,120,140,120,5,40,12,8000,,
,,,,,,,,,,,,,,,,,,,,,,,,,,,,,,,
,,,,,,,,,,,,,,,,,,,,,,,,,,,,,,,# Frigates
,,,,,,,,,,,,,,,,,,,,,,,,,,,,,,,
Inquisitor,inquisitor,Heavy Frigate,microburndrive,7,2750,375,2750,,200,65,75,75,125,45,75,325,FRONT,,270,0.35,1,,,40,60,100,75,1,75,4,8000,,
Tesladora,tesladora,Platform,maneuveringjets,6,2250,375,2750,,200,50,15,10,15,50,70,275,OMNI,,180,0.35,0.8,,,25,50,40,50,1.25,40,3,6500,,
Jenova,jenova,Frigate,ecm_jammer,5,1850,300,2250,,155,40,185,145,195,90,120,250,FRONT,,295,0.35,0.6,,,20,30,30,50,1.25,40,,12500,,
Longinus,longinus,Frigate,maneuveringjets,5,1550,250,2100,,120,60,125,90,70,60,90,250,FRONT,,180,0.35,1,,,25,50,40,50,1.25,40,,4500,,
Yuusha Mk.II,yuusha_II,Gunship,incendiaryammo,4,1450,250,1750,,120,50,185,145,195,90,120,250,FRONT,,270,0.35,1,,,20,30,30,50,1.25,40,,6500,,
Yuusha,yuusha,Gunship,incendiaryammo,3,1250,225,1500,,100,40,175,130,200,90,120,200,FRONT,,270,0.35,1,,,15,25,25,50,1.25,40,,3000,,
,,,,,,,,,,,,,,,,,,,,,,,,,,,,,,,
,,,,,,,,,,,,,,,,,,,,,,,,,,,,,,,# Fighters/Corvettes
,,,,,,,,,,,,,,,,,,,,,,,,,,,,,,,
Excalibur,excalibur,Tactical Corvette,,,1500,200,1250,,415,0,150,125,100,100,120,150,FRONT,,160,0.35,0.6,0,,,5,,,,,5,,,
Helia,helia,Storm Corvette,,,1250,185,1000,,300,0,100,75,100,80,120,120,FRONT,,220,0.35,0.8,0,,,5,,,,,4,,,
Ancord,ancord,Assault Corvette,,,1100,175,950,,275,0,125,75,100,80,120,80,FRONT,,270,0.35,1,0,,,3,,,,,8,,,
Azgard,azgard,Heavy Fighter,,,850,150,500,,150,0,150,75,100,90,180,30,NONE,,,0,0,0,,,,,,,,,,,
Lightning,lightning,Assault Fighter,,,750,100,500,,150,0,225,150,100,60,120,30,NONE,,,,1,,,,,,,,,,,,
Sahara,sahara,Bomber,,,750,100,300,,100,0,100,50,100,90,120,60,NONE,,,0,0,0,,,,,,,,,,,
Morgiana,morgiana,Interceptor,,,400,50,225,,75,0,200,150,100,120,240,10,NONE,,,0,0,0,,,,,,,,,,,
,,,,,,,,,,,,,,,,,,,,,,,,,,,,,,,
,,,,,,,,,,,,,,,,,,,,,,,,,,,,,,,# Drones
,,,,,,,,,,,,,,,,,,,,,,,,,,,,,,,
Shield Drone,drone_shield_midline,,,,100,75,1500,,150,,200,250,250,180,360,5,FRONT,,180,0.35,1,,,,,,,,,,,,

Cerberus,cerberus,Frigate,maneuveringjets,6,1650,180,1200,1250,180,28,190,120,90,100,100,180,OMNI,,30,0.80,1.00,,,8,22,45,40,1.2,40,0,6000,,2010
Pointer,pointer,Frigate,maneuveringjets,5,2400,360,1350,1250,190,30,160,90,80,80,80,220,NONE,,0,0,0,,,8,12,75,75,1.6,40,0,7000,,2020
Blizzard,blizzard,Frigate,maneuveringjets,7,1500,250,2800,2713,200,50,136,100,100,70,100,260,OMNI,,100,0.6,0.6,,,15,25,30,35,0.8,44,4,18000,,2030
Jackal,jackal,Frigate,maneuveringjets,6,1230,118,1725,1875,145,42,142,90,80,60,100,170,OMNI,,100,0.4,0.9,,,12,24,60,50,1,53,,12000,,2040
Stingray,stingray,Frigate,maneuveringjets,6,1750,250,2300,1875,240,52,124,90,80,60,100,300,OMNI,,120,0.4,0.8,,,25,40,50,80,1.5,60,,15000,,2050
Vengeance,vengeance,Frigate,maneuveringjets,6,920,122,2100,1625,180,42,152,112,85,55,100,120,OMNI,,90,0.5,0.9,,,12,28,60,60,1.2,75,6,13600,,2060

Argos,argos,Freighter,flarelauncher_active,8,3500,270,1750,1667,120,42,65,45,45,35,25,425,OMNI,,105,0.7,1.3,,,25,120,350,240,2.4,80,10,10000,CIVILIAN,3010
Hydra,hydra,Destroyer,maneuveringjets,11,2400,260,5400,5667,350,98,112,90,60,50,125,300,OMNI,,110,0.4,0.7,,,50,75,80,100,1.8,70,3,24000,,3020
Rive,rive,Destroyer,ammofeed,11,4600,350,4800,4167,360,86,100,70,50,40,70,400,FRONT,,300,0.4,0.8,,,60,120,120,125,2,80,8,21500,,3030
Arcadia,arcadia,Carrier,drone_pd,12,3000,300,2250,2000,125,52,70,50,50,25,30,450,FRONT,,80,0.5,0.9,,,50,100,75,100,2,60,15,26000,,3040
Aria,aria,Tanker,flarelauncher_active,10,1500,200,1750,1250,120,42,75,25,15,15,20,600,OMNI,,90,0.4,1.0,,,18,36,25,750,2,750,,14000,CIVILIAN,3050

Eventide,eventide,Cruiser,maneuveringjets,16,7100,700,13000,15000,730,160,82,55,30,30,30,1750,FRONT,,270,0.7,0.7,,,100,300,250,220,5,50,5,34000,,4010
Ajax,ajax,Cruiser,maneuveringjets,14,5600,600,6200,6000,420,112,76,50,30,25,25,900,FRONT,,270,0.5,0.8,,,80,240,140,220,4,50,7,30000,,4020

Vanquish,vanquish,Battlecruiser,maneuveringjets,20,10000,800,14000,22000,980,320,54,30,25,12,12,2300,OMNI,,80,0.5,1,,,450,600,360,520,18,38,24,112000,,5010
Intrepid,intrepid,Battleship,fastmissileracks,28,13200,1000,17800,28000,1120,355,48,26,18,8,8,3600,OMNI,,90,0.6,0.9,,,540,1080,520,640,32,42,28,188000,,5020

Stigma,stigma,,,,680,100,260,,45,0,162,85,110,100,190,30,NONE,,0,0,0,,,1,1,,,,,,,,1010
Javelin,javelin,,,,650,40,900,,160,0,138,100,90,80,150,35,OMNI,,80,0.4,0.7,,,2,4,,,,,,,,1020
Cutlass,cutlass,,,,540,65,550,,80,0,122,80,60,40,80,40,NONE,,0,0,0,,,1,1,,,,,,,,1030
Bolt,bolt,,,,380,45,280,,55,0,200,160,120,140,250,30,NONE,,0,0,0,,,1,1,,,,,,,,1040
Sarissa,sarissa,,,,650,100,500,,75,0,118,80,60,45,70,45,NONE,,0,0,0,,,2,2,,,,,,,,1050

Nanda,gedune_nanda,Frigate,ammofeed,6,1500,250,2250,,250,50,170,150,150,90,265,180,NONE,,,,,,,5,10,10,10,10,50,0,6500,,1
Mozok,gedune_mozok,Hauler,burndrive,9,2000,550,2500,3333,200,50,120,60,30,70,50,500,OMNI,,150,0.4,1.1,,,60,100,45,40,3,43,15,12000,,2
Dahaki,gedune_dahaki,Destroyer,gedune_phasetele,11,4200,450,7200,4167,450,110,100,60,40,30,60,400,FRONT,,300,0.4,1.4,,,50,100,100,110,2,55,6,24000,,3
Mozok,gedune_mozok_t,Hauler,burndrive,10,2500,450,3000,3333,240,50,60,20,20,25,10,1500,OMNI,,150,0.4,1.2,,,60,100,40,250,3,43,15,12000,,4
Mozok,gedune_mozok_f,Hauler,burndrive,10,2500,450,3000,3333,240,50,60,20,20,25,10,1500,OMNI,,150,0.4,1.2,,,60,100,250,40,3,43,15,12000,,5
Tenzen,gedune_tenzen,Cruiser,gedune_burndrive,16,8000,950,15000,14000,650,165,90,30,40,30,25,600,FRONT,,300,0.6,0.75,,,130,250,100,300,3.5,86,20,32000,,6
Kitsune,gedune_kitsune,Frigate,fastmissileracks,5,1200,180,2800,1500,130,55,100,90,70,80,140,200,FRONT,,260,0.30,0.85,,,25,50,40,50,1.25,40,,7500,,204
Byakuri,gedune_byakuri,Micro Carrier,,11,4200,250,5200,4167,350,75,60,30,20,15,30,600,OMNI,,180,0.6,0.7,,,50,100,100,110,2,55,6,24000,,7
Tychrea,gedune_tychrea,Frigate,drone_wraithii,5,1500,250,3750,1875,280,40,130,90,90,80,120,190,FRONT,,260,0.3,0.8,,,5,10,15,20,0.75,53,,6000,,8
Bakoros,gedune_bakoros,Drone Carrier,drone_kyra,12,6600,575,6500,2500,450,85,50,35,24,25,15,500,FRONT,,200,0.6,0.8,,,5,30,80,60,2.5,48,30,10000,,310
Kyirus,gedune_kyirus,Frigate,gedune_burndrive,5,2500,330,1550,1250,120,30,160,140,70,80,110,220,NONE,,0,0,0,0,0,15,30,20,25,1,60,0,7000,,9
,,,,,,,,,,,,,,,,,,,,,,,,,,,,,,,
Duri,gedune_duri,Fighter,,4,400,50,800,,70,,180,70,30,160,240,10,NONE,,,,,,,1,1,,,,,1,3500,,2
Chua,gedune_chua,Fighter,,5,700,80,1500,,250,50,140,150,150,90,265,180,NONE,,,,,,,2,3,,10,10,50,2,4500,,1
Viper,gedune_viper,Fighter,,,500,70,600,,60,0,200,150,100,120,240,10,NONE,,,,,0,,,0,0,,,,,,,,,100
Kyra Drone,gedune_kyra_drone,,,,300,60,500,,100,,150,200,200,90,180,5,OMNI,,,120,0.25,1,,,,,,,,,,,,2
Wraithii Drone,gedune_wraithii_drone,,,,300,60,500,,100,,150,200,200,90,180,5,OMNI,,,120,0.25,1,,,,,,,,,,,,2

,,,,,,,,,,,,,,,,,,,,,,,,,,,,,,,,
"Lathe","neutrino_lathe","Battlecruiser","displacer",22,8250,1650,4250,,1600,200,48,20,15,7,7,3750,"OMNI",,35,0.2,0.2,,,100,150,250,300,9,,0,165000,,8971
"Pile-Driver","neutrino_piledriver","Destroyer","neutrino_drone_scout",12,3000,950,2250,,850,100,80,40,30,18,18,2000,"OMNI",,30,0.2,0.2,,,35,80,75,125,4,,3,34000,,8972
"Nausicaa","neutrino_nausicaa","Corporate Freighter","fortressshield",20,32000,2500,2500,,400,130,32,5,5,3,3,12500,"OMNI",,35,0,0.2,,,60,250,3200,850,18,,2,175000,CIVILIAN,8973
"Hacksaw","neutrino_hacksaw","Heavy Destroyer","neutrino_swarmflarelauncher",12,3300,1025,2200,,775,100,75,30,25,16,16,1250,"OMNI",,30,0.2,0.2,,,40,75,60,100,4,,0,22000,,8974
"Blowtorch","neutrino_blowtorch","Ship","burndrive",12,2650,900,2000,,500,75,115,75,65,28,28,1250,"OMNI",,35,0.2,0.2,,,15,35,50,75,2,,0,19000,,8975
"Jackhammer","neutrino_jackhammer","Battleship","neutrino_derpchargesystem",28,12500,1950,6500,,1800,275,20,8,8,5,3,5250,"OMNI",,30,0.2,0.2,,,250,475,325,300,15,,24,200000,,8976
"Singularity","neutrino_singularity","Frigate","highenergyfocus",6,1050,550,1050,,325,42,145,70,45,65,65,400,"OMNI",,30,0.2,0.2,,,0,5,25,50,2,,0,13500,,8977
"Nirvash","neutrino_nirvash","Cruiser","maneuveringjets",16,6500,1400,3450,,1400,165,60,22,16,12,12,2750,"OMNI",,35,0.2,0.2,,,75,110,120,150,8,,6,57500,,8978
"Grinder","neutrino_grinder","Cruiser","highenergyfocus",16,4750,1250,3000,,1100,135,65,25,20,14,14,2250,"OMNI",,35,0.2,0.2,,,30,60,60,80,6,,0,37500,,8979
"Vice","neutrino_vice","Destroyer","neutrino_drone_scout",10,2800,850,1750,,550,85,80,35,30,20,20,1000,"OMNI",,35,0.2,0.2,,,25,40,50,75,6,,2,20000,,8980
"Hildolfr","neutrino_hildolfr","Command Ship","neutrino_derpchargesystem",26,22000,1550,6800,,1250,340,15,8,6,3,3,7500,"OMNI",,30,0.2,0.2,,,400,640,750,400,16,,48,235000,,8981
"Banshee","neutrino_banshee","Battleship","neutrino_shielddrones",26,9500,1800,4750,,1650,330,42,35,25,8,8,4250,"OMNI",,30,0.2,0.2,,,160,250,250,350,15,,10,215000,,8982
"Colossus","neutrino_colossus","Guardian","neutrino_guardianshield",24,17500,1850,3250,,1000,240,22,12,10,4,4,5500,"NONE",,,,,,,190,450,675,750,14,,12,169000,,8983
"Relativity","neutrino_relativity","Frigate","neutrino_arcsurge",5,875,475,875,,290,25,130,60,55,45,45,425,"OMNI",,40,0.2,0.2,,,0,5,35,40,2,,0,12000,,8984
"Causality","neutrino_causality","Phase Frigate","neutrino_phasemissilesystem",7,1250,375,1200,,250,30,160,80,60,75,75,375,"PHASE","phasecloak",90,,,0.4,0,0,5,25,75,1.3,,0,20000,,8985
"Unsung","neutrino_unsung","Flagship","neutrino_cruise_engine",30,18000,2000,20000,,3650,520,10,25,25,4,4,6750,"OMNI",,30,0.2,0.2,,,325,550,275,375,24,,36,320000,,8982
"TheEND","neutrino_theend","Phase Carrier","neutrino_phasemissilesystem",16,5750,1200,4000,,950,125,75,38,30,25,25,2500,"PHASE","phasecloak",90,,,0.4,0,90,150,200,200,15,,20,67500,,8983
"Sledgehammer","neutrino_sledgehammer","Missile Destroyer","fastmissileracks",13,2800,1000,2400,,650,100,80,40,40,20,20,2000,"OMNI",,30,0.2,0.2,,,45,80,80,60,4,,0,38000,,8984
,,,,,,,,,,,,,,,,,,,,,,,,,,,,,,,,
"Drohne","neutrino_drohne",,"flarelauncher_active",,650,300,550,,100,0,240,85,55,120,60,80,"OMNI",,120,1.5,0.2,,,0,0,,,,,,,,8991
"Schwarzgeist","neutrino_schwarzgeist",,,,900,225,2200,,150,0,110,55,25,50,25,95,"OMNI",,40,0.3,0.2,,,0,0,,,,,,,,8992
"Drache","neutrino_drache",,,,2200,650,650,,100,0,115,35,25,35,18,650,"OMNI",,40,0,0.2,,,0,0,,,,,,,,8993
"Floh","neutrino_floh",,"neutrino_swarmflarelauncher",,1350,325,850,,120,0,145,65,35,60,60,320,"OMNI",,40,0.3,0.3,,,0,0,,,,,,,,8994
"Schwarm","neutrino_schwarm",,"neutrino_schwarm2",,300,200,55,,11,0,200,125,125,180,90,50,"NONE",,,,,,,0,0,,,,,,,,,8995
"Schwarm","neutrino_schwarm2",,"neutrino_schwarm3",,250,150,55,,11,0,235,145,125,180,90,50,"NONE",,,,,,,0,0,,,,,,,,8995
"Schwarm","neutrino_schwarm3",,,,250,150,55,,11,0,270,165,125,180,90,50,"NONE",,,,,,,0,0,,,,,,,,8995
,,,,,,,,,,,,,,,,,,,,,,,,,,,,,,,,
"Hammer","neutrino_hammer","Hammership","maneuveringjets",42,123456,2000,8000,,1900,300,50,50,50,75,18,5250,"OMNI",,30,0.2,0.2,,,250,475,325,300,15,,6,250000,,9001
"Adventure","neutrino_adventure","Battleship","fastmissileracks",18,15000,1500,13000,,650,220,30,15,10,10,5,2750,"OMNI",,120,0.4,1,,,325,900,800,550,5,,35,55000,,9002
,,,,,,,,,,,,,,,,,,,,,,,,,,,,,,,,
"Guardian","neutrino_guardianshield","Frigate","neutrino_swarmflarelauncher",,3750,750,175000,,1250,40,300,3000,3000,1200,1200,750,"FRONT",,360,1,1,,,0,0,,,,,0,25000,,9011
"Aegis","neutrino_aegis","Drone",,,650,225,2500,,125,0,150,80,60,40,30,250,"OMNI",,360,1,1,,,0,0,,,,,0,20000,,9012





Titan,titan,Carrier,hadrontransporter,25,20000,1275,18000,20000,1400,325,30,10,10,4,3,3250,FRONT,,280,0.25,0.8,,,525,1300,1450,1225,20,61,40,190000,CARRIER,500.55
Auria,auria,Battleship,maneuveringjets,20,18000,1500,20000,15000,850,320,25,12,12,8,7,2800,FRONT,,180,0.35,1,,,485,1075,300,1000,20,50,15,130000,,501.55
Antares,antares,Battlecruiser,meddrone_pd,17,13000,1250,12000,10000,750,150,40,15,10,8,6,2000,FRONT,,360,0.3,0.9,,,250,500,500,500,7,71,20,45000,,400.55
Yukon,yukon,Prototype Destroyer,shockprobes,16,12000,995,10000,9000,675,170,50,18,13,9,7,950,FRONT,,300,0.3,0.9,,,175,350,240,200,5.5,36,15,42000,,400.55
Ballista,ballista,Anti-Capital Cruiser,defensematrix,14,9000,950,9000,8000,510,120,60,18,15,9,7,900,FRONT,,50,0.25,0.8,,,135,235,145,160,4,40,,22000,,300.55
Mercury,mercury,Prototype Gunship,drone_sensor,13,8000,725,8000,8000,480,110,70,30,18,20,15,650,FRONT,,260,0.3,0.8,,,115,200,120,120,3.5,34,,20000,,301.55
Ares,ares,Heavy Destroyer,xflarelauncher,12,9000,875,6500,8000,360,105,60,20,15,10,8,850,FRONT,,250,0.3,0.8,,,125,220,160,150,3.5,42,15,18000,,302.55
Montana,montana,Utility Cruiser,minelayer,13,12000,1350,6000,6000,325,90,45,18,15,11,7,1650,OMNI,,170,0.4,0.7,,,100,300,400,250,3.75,66,25,16000,CARRIER,303.55
Helios,helios,Assault Ship,neutrongun,12,10000,1100,6500,6000,350,100,48,19,16,11,8,1100,FRONT,,250,0.4,0.8,,,90,250,280,200,4,50,10,19000,,304.55
Toa,toa,Destroyer,ammofeed,10,5250,475,4500,4167,260,80,85,55,40,30,60,435,FRONT,,280,0.25,0.8,,,60,110,100,110,2,55,5,10000,,200.55
Defiant,defiant,Heavy Gunship,ammofeed,10,3500,350,5000,4000,325,70,95,65,55,55,65,275,FRONT,,200,0.4,0.8,,,40,95,40,58,1.45,26,,10000,,201.55
Vixen,vixen,Missile Ship,fastmissileracks,9,4500,315,2200,2250,210,65,50,30,30,20,10,310,FRONT,,300,0.2,0.9,,,40,115,65,55,1.2,45,,8800,,202.55
Shogun,shogun,Command Ship,drone_sensor,8,3250,375,3500,1500,255,45,75,60,45,35,65,285,OMNI,,200,0.3,0.95,,,45,120,60,85,1.65,51,5,8250,,203.55
Zephyr,zephyr,Strike Carrier,drone_pd_x2,10,5000,485,3000,2000,190,45,45,40,30,20,50,400,OMNI,,140,0.4,0.8,,,65,150,120,100,2.5,40,16,9000,CARRIER,204.55
Scythe,scythe,Interceptor,burndrive,5,2000,175,2600,1500,165,35,180,80,75,60,85,215,OMNI,,120,0.3,1,,,25,50,30,65,1.25,52,,6000,,100.55
Dakota,dakota,Frigate,flarelauncher,5,2200,250,1950,1875,145,35,95,75,70,55,85,210,OMNI,,120,0.3,0.7,,,15,55,85,60,0.75,80,4,5200,,101.55
Rickshaw,rickshaw,Frigate,flarelauncher,5,1750,230,2200,1500,120,50,125,90,70,60,90,200,OMNI,,150,0.25,1,,,20,50,40,50,1.25,40,,4200,,102.55
Echo,echo,Scout,flarelauncher,3,2000,285,750,1250,100,30,195,175,95,90,120,185,NONE,,0,0,0,,,5,35,25,60,1,60,,3600,,103.55
Albatross,albatross,Attack Ship,ammofeed,6,1700,250,2300,1500,140,50,110,90,70,60,90,215,OMNI,,150,0.25,0.8,,,25,50,40,50,1.25,40,,6250,,104.55
Mazerk,mazerk,Superbarge,flarelauncher,15,7500,250,4000,2500,140,50,30,6,3,4,2,3900,OMNI,,45,0.5,1,,,25,100,1850,800,8,87,25,22000,CIVILIAN,900.55
Orion,orion,Hypertug,flarelauncher,7,4750,250,2700,1200,170,50,165,70,65,55,65,255,OMNI,,120,0.3,0.95,,,25,100,50,60,1.75,34,,8000,,901.55
Tahoe,tahoe,Cargo Barge,flarelauncher,10,4500,250,2800,2833,160,45,40,15,12,12,6,2000,OMNI,,150,0.4,0.8,,,35,120,450,150,1.75,86,15,12000,CIVILIAN,902.55
Trexel,trexel,Fuel Barge,flarelauncher,9,4500,250,2800,2833,160,45,40,15,12,12,6,2000,OMNI,,150,0.4,0.8,,,35,120,50,750,1.75,86,,11000,CIVILIAN,903.55
Icarus,earthcracker,Earth Cracker,,15,10000,1500,50000,25000,5000,1025,20,2,5,3,4,3500,NONE,,0,0,0,,,1,1,1,500,15,30,,200000,,1000.55
,,,,,,,,,,,,,,,,,,,,,,,,,,,,,,,,,
Draken,draken,,,,375,40,400,,50,0,225,160,110,120,240,10,NONE,,0,0,0,,,1,1,,,,,,,,50.55
Hornet,hornet,,,,750,75,850,,190,0,125,125,100,90,180,25,OMNI,,160,0.25,0.6,,,2,2,,,,,,,,51.55
Tracer,tracer,,,,850,75,675,,135,0,100,85,70,75,140,30,OMNI,,160,0.4,0.6,,,2,2,,,,,,,,52.55
Foxbat,foxbat,,,,200,55,200,,40,0,200,130,120,120,240,6,NONE,,0,0,0,,,1,1,,,,,,,,53.55
,,,,,,,,,,,,,,,,,,,,,,,,,,,,,,,,,
PD Drone,meddrone_pd,,,,35,15,120,,55,,180,230,230,170,340,6,NONE,,,,,,,,,,,,,,,,





"Extinctioner","relics_extinctioner","Battleship","burndrive",30,25000,1400,20000,,800,404,24,10,4,3,3,5000,"NONE",,0,0,0,,,700,1000,1000,2000,40,50,20,150000,,777101
"Parrot","parrot","Battleship",,23,18000,1650,20000,31250,1150,270,30,25,10,7,5,3500,"FRONT",,270,0.6,0.6,,,450,1000,300,800,25,32,25,150000,,440002
"Faithoper","relics_faithoper","Colony ship","burndrive",30,50000,1300,43000,,1300,560,20,4,2,2,1.5,10000,"NONE",,0,0,0,,,800,1200,1600,3000,55,55,100,1100000,,777102
"D.A.","relics_queen","Battleship","relics_defense_drone",40,60000,700,27000,,1000,390,13,5,5,3,3,7000,"NONE",,360,0.8,1,,,650,1000,1000,1500,70,40,157,2000000,,777103
,,,,,,,,,,,,,,,,,,,,,,,,,,,,,,,,,
"Defense drone","relics_defense_drone","Drone",,,200,50,400,,55,,230,250,200,100,250,7,"NONE",,100,0.4,0.8,,,,,,,,,,,,777001
,,,,,,,,,,,,,,,,,,,,,,,,,,,,,,,,,
"Chaser","relics_chaser",,,,350,2,1250,,130,0,240,180,150,110,200,20,"OMNI",,360,0.3,0.4,,,0,0,,,,,,,,777201
"Hiter","relics_hiter",,,,450,5,1400,,100,0,160,180,120,95,170,30,"OMNI",,360,0.3,0.4,,,0,0,,,,,,,,777202
"Charger","relics_charger",,,,550,7,1500,,160,0,155,180,120,95,150,45,"OMNI",,360,0.3,0.4,,,0,0,,,,,,,,777203
,,,,,,,,,,,,,,,,,,,,,,,,,,,,,,,,,
"Pusher","relics_pusher","Frigate","displacer",7,1300,25,2800,,230,0,115,110,100,90,180,120,"OMNI",,360,0.4,0.6,,,0,0,15,30,0.5,60,0,8000,,777301
"Egler","relics_egler","Frigate","emp",5,1000,15,3400,,250,0,90,100,80,80,125,110,"OMNI",,360,0.4,0.6,,,0,0,40,40,0.5,80,0,6000,,777302
"Solver","relics_solver","Frigate","flarelauncher_active",9,1500,20,4300,,280,0,100,105,95,85,140,150,"OMNI",,360,0.4,0.6,,,0,0,40,40,0.5,80,0,11000,,777303
,,,,,,,,,,,,,,,,,,,,,,,,,,,,,,,,,
"ArWar","relics_arwar","Destroyer","displacer",13,3200,40,8500,,450,0,70,80,40,30,85,350,"OMNI",,360,0.5,0.6,,,0,0,100,100,1.4,71,0,20000,,777401
"Ringer","relics_ringer","Destroyer","flarelauncher_active",15,3800,35,9500,,480,0,50,70,30,20,55,450,"OMNI",,360,0.5,0.6,,,0,0,180,120,1.4,86,0,20000,,777402
"Carrioner","relics_carrioner","Destroyer","drone_pd",14,2500,30,3500,,300,0,55,57,35,15,47,300,"OMNI",,360,0.5,0.6,,,0,0,150,100,1.4,71,60,90000,"CARRIER",777403
,,,,,,,,,,,,,,,,,,,,,,,,,,,,,,,,,
"Intersepter","relics_intersepter","Cruiser","drone_terminator",14,4000,50,12000,,650,0,70,55,40,30,30,900,"OMNI",,360,0.59,0.6,,,0,0,80,80,3,27,0,20000,,777501
"Sidewayer","relics_sidewayer","Cruiser","burndrive",19,10500,50,20000,,700,0,50,40,25,20,25,2400,"OMNI",,360,0.59,0.6,,,0,0,270,150,4,38,10,100000,,777502
"Plower","relics_plower","Cruiser","highenergyfocus",23,16000,70,25000,,1400,0,40,50,30,25,29,3600,"OMNI",,360,0.59,0.5,,,0,0,330,220,5,44,15,190000,,777503
,,,,,,,,,,,,,,,,,,,,,,,,,,,,,,,,,
,,,,,,,,,,,,,,,,,,,,,,,,,,,,,,,,,
"Chaser H","relics_chaser_h",,,,350,2,1250,,130,0,240,180,150,110,200,20,"OMNI",,360,0.3,0.5,,,2,2,,,,,,,,777204
"Hiter H","relics_hiter_h",,,,450,5,1400,,100,0,160,180,120,95,170,30,"OMNI",,360,0.3,0.5,,,3,3,,,,,,,,777205
"Charger H","relics_charger_h",,,,550,7,1500,,160,0,155,180,120,95,150,45,"OMNI",,360,0.3,0.5,,,2,2,,,,,,,,777206
,,,,,,,,,,,,,,,,,,,,,,,,,,,,,,,,,
"Pusher H","relics_pusher_h","Frigate","displacer",7,1300,25,2800,,230,40,115,110,100,90,180,120,"OMNI",,360,0.4,0.7,,,5,15,15,30,0.5,60,0,8000,,777304
"Egler H","relics_egler_h","Frigate","emp",5,1000,15,3400,,250,35,90,100,80,80,125,110,"OMNI",,360,0.4,0.7,,,4,40,40,40,0.5,80,0,6000,,777305
"Solver H","relics_solver_h","Frigate","flarelauncher_active",9,1500,20,4300,,280,50,100,105,95,85,140,150,"OMNI",,360,0.4,0.7,,,7,25,40,40,0.5,80,0,11000,,777306
,,,,,,,,,,,,,,,,,,,,,,,,,,,,,,,,,
"ArWar H","relics_arwar_h","Destroyer","displacer",13,3200,40,8500,,450,110,70,80,40,30,85,350,"OMNI",,360,0.5,0.7,,,26,52,100,100,1.4,71,0,20000,,777404
"Ringer H","relics_ringer_h","Destroyer","flarelauncher_active",15,3800,35,9500,,480,120,50,70,30,20,55,450,"OMNI",,360,0.5,0.7,,,42,200,180,120,1.4,86,0,20000,,777405
"Carrioner H","relics_carrioner_h","Destroyer","drone_pd",14,2500,30,3500,,300,60,55,57,35,15,47,300,"OMNI",,360,0.5,0.7,,,50,150,150,100,1.4,71,60,90000,"CARRIER",777406
,,,,,,,,,,,,,,,,,,,,,,,,,,,,,,,,,
"Intersepter H","relics_intersepter_h","Cruiser","drone_terminator",14,4000,50,12000,,650,110,70,55,40,30,30,900,"OMNI",,360,0.59,0.7,,,45,100,80,80,3,27,0,20000,,777504
"Sidewayer H","relics_sidewayer_h","Cruiser","burndrive",19,10500,50,20000,,700,150,50,40,25,20,25,2400,"OMNI",,360,0.59,0.7,,,73,300,270,150,4,38,10,100000,,777505
"Plower H","relics_plower_h","Cruiser","highenergyfocus",23,16000,70,25000,,1400,180,40,50,30,25,29,3600,"OMNI",,360,0.59,0.6,,,97,350,330,220,5,44,15,190000,,777506
,,,,,,,,,,,,,,,,,,,,,,,,,,,,,,,,,
"Pusher S","relics_pusher_s","Frigate","displacer",7,1300,25,2800,,230,40,115,110,100,90,180,120,"OMNI",,360,0.4,0.6,,,0,0,15,30,0.5,60,0,8000,,777307
"Egler S","relics_egler_s","Frigate","emp",5,1000,15,3400,,250,35,90,100,80,80,125,110,"OMNI",,360,0.4,0.6,,,0,0,40,40,0.5,80,0,6000,,777308
"Solver S","relics_solver_s","Frigate","flarelauncher_active",9,1500,20,4300,,280,50,100,105,95,85,140,150,"OMNI",,360,0.4,0.6,,,0,0,40,40,0.5,80,0,11000,,777309
,,,,,,,,,,,,,,,,,,,,,,,,,,,,,,,,,
"ArWar S","relics_arwar_s","Destroyer","displacer",13,3200,40,8500,,450,110,70,80,40,30,85,350,"OMNI",,360,0.5,0.6,,,0,0,100,100,1.4,71,0,20000,,777407
"Ringer S","relics_ringer_s","Destroyer","flarelauncher_active",15,3800,35,9500,,480,120,50,70,30,20,55,450,"OMNI",,360,0.5,0.6,,,0,0,180,120,1.4,86,0,20000,,777408
"Carrioner S","relics_carrioner_s","Destroyer","drone_pd",14,2500,30,3500,,300,60,55,57,35,15,47,300,"OMNI",,360,0.5,0.6,,,0,0,150,100,1.4,71,60,90000,"CARRIER",777409
,,,,,,,,,,,,,,,,,,,,,,,,,,,,,,,,,
"Intersepter S","relics_intersepter_s","Cruiser","drone_terminator",14,4000,50,12000,,650,110,70,55,40,30,30,900,"OMNI",,360,0.59,0.6,,,0,0,80,80,3,27,0,20000,,777507
"Sidewayer S","relics_sidewayer_s","Cruiser","burndrive",19,10500,50,20000,,700,150,50,40,25,20,25,2400,"OMNI",,360,0.59,0.6,,,0,0,270,150,4,38,10,100000,,777508
"Plower S","relics_plower_s","Cruiser","highenergyfocus",23,16000,70,25000,,1400,180,40,50,30,25,29,3600,"OMNI",,360,0.59,0.5,,,0,0,330,220,5,44,15,190000,,777509

Null,nihil_null,Heavy Fighter,displacer,8,1300,200,3000,,160,30,175,175,220,90,270,200,FRONT,,360,0.2,0.8,,,10,15,20,50,5,100,3,16000,,5106
Votex,nihil_votex,Frigate,flarelauncher,7,1700,150,2000,,130,20,135,110,90,92,120,220,FRONT,,360,0.5,0.6,,,5,15,20,30,1,50,2,19000,,5110
Rigor,nihil_rigor,Destroyer,flarelauncher,13,6500,1000,4800,,250,100,55,45,20,35,20,400,FRONT,,360,0.4,0.8,,,60,100,90,130,3,43,3,20000,,51100
Darkness,nihil_darkness,Cruiser,flarelauncher,17,10000,1000,13000,,680,140,40,100,80,25,20,2250,FRONT,,360,0.6,0.6,,,125,400,400,300,3.5,86,20,29000,,51403
Void,nihil_void,Dreadnaught,highenergyfocus,20,20000,1900,20000,,800,250,16,10,4,4,4,4000,FRONT,,360,0.6,0.8,,,500,850,1000,250,20,250,50,150000,,5107
Irritum,nihil_irritum,Super Dreadnaught,fastmissileracks,35,30000,2200,25000,,950,415,17,10,12,2,2,6000,FRONT,,360,0.6,0.4,,,800,1800,1000,1000,25,100,100,225000,,51666
Tempest,nihil_tempest_escort,Frigate,flarelauncher,8,1250,200,2500,2813,225,45,175,175,150,90,270,200,OMNI,,90,0.2,0.8,,,15,25,30,35,0.8,44,4,18000,,51200
Anti,nihil_anti,,,,250,55,575,,90,10,500,190,100,90,190,30,NONE,,0,0,0,,,1,1,,,,,,,,,,,5120



"Einherjer","thule_einherjer",,,,400,100,400,,50,0,205,200,80,115,230,10,"NONE",,0,0,0,,,1,1,,,,,,,,3000
"Wartool","thule_wartool",,,,1125,250,750,,150,0,70,90,70,90,190,100,"NONE",,0,0,0,,,3,3,,,,,,,,3001
"Gunnr","thule_gunnr",,"burndrive",,600,200,1200,,300,0,150,120,50,90,180,60,"NONE",,0,0,0,,,2,2,,,,,,,,3002
"Komet","thule_komet",,"burndrive",,550,100,200,,40,0,100,75,35,30,120,35,"NONE",,0,0,0,,,2,2,,,,,,,,3003
,,,,,,,,,,,,,,,,,,,,,,,,,,,,,,,,,
,,,,,,,,,,,,,,,,,,,,,,,,,,,,,,,,,
"Viking Mk.I","thule_vikingmki","Frigate","emp",7,1950,400,2800,2500,280,50,130,130,100,90,260,300,"NONE",,0,0,0,,,15,20,30,45,"1.25",40,,25000,,3010
"Viking Mk II","thule_vikingmkii","Frigate","emp",8,2100,500,3100,2500,310,63,100,90,70,75,100,380,"NONE",,0,0,0,,,30,35,35,55,"1.5",35,3,28000,,3011
,,,,,,,,,,,,,,,,,,,,,,,,,,,,,,,,,
,,,,,,,,,,,,,,,,,,,,,,,,,,,,,,,,,
"Tungsten","thule_tungsten","Meteor Carrier",,7,3000,800,2250,6667,225,55,45,30,20,20,10,350,"NONE",,0,0,0,,,45,45,30,30,5,20,,15000,,3020
"Berserker","thule_berserker","Destroyer","thule_heimdahl_pulsator",9,6000,900,4250,6667,350,85,60,80,80,35,80,500,"NONE",,0,0,0,,,65,80,50,70,4,40,,13000,,3021
"Berghast","thule_berghast","Destroyer","thule_heimdahl_pulsator",10,6500,930,4300,6667,380,90,65,85,85,40,85,500,"NONE",,0,0,0,,,70,85,60,70,4,40,,16000,,3021
"Ragnarok","thule_ragnarok","Carrier",,16,11000,2200,5000,12000,350,135,20,15,5,6,6,2900,"NONE",,0,0,0,,,300,300,400,200,8,45,45,55000,"CARRIER",3030
"Ehrgeiz","thule_solidstorm","Missile Carrier",,17,9000,1700,1600,9000,300,195,20,13,5,6,5,2800,"NONE",,0,0,0,,,150,550,500,180,7,50,40,36000,,3031
"Frigga","thule_frigga","Hospitalship","burndrive",12,8000,1300,1000,6000,250,45,35,10,5,12,6,2500,"NONE",,0,0,0,,,200,350,600,250,8,60,10,30000,"CIVILIAN",3032
"Vanir","thule_vanir","Troop Transport","burndrive",12,3500,1300,1300,6000,250,55,40,10,10,15,8,2700,"NONE",,0,0,0,,,150,1200,400,250,8,60,10,33000,"CIVILIAN",3033
,,,,,,,,,,,,,,,,,,,,,,,,,,,,,,,,,
"Oberon","thule_oberon","Phase Capital",,18,10000,1000,17000,15000,600,130,50,35,15,8,5,3000,"PHASE","phasecloak",120,,,"0.05","0.05",200,200,50,500,20,33,0,145000,,3040
"Herzog","thule_herzog","Battle Fortress","thule_heimdahl_generator",21,18500,2750,18500,15000,700,320,30,25,25,25,15,3500,"NONE",,0,0,0,,,600,650,300,800,25,40,20,80000,,3041
"Onslaught","onslaught","Battleship","burndrive",20,20000,1750,17000,15000,600,335,25,10,10,4,4,3500,"FRONT",,180,"0.4",1,,,500,1250,350,1000,25,40,20,75000,,500
"Monarch","thule_monarch","Control Fortress",,45,50000,2750,30000,31250,1200,650,10,10,10,5,5,9000,"NONE",,0,0,0,,,1500,1500,1000,3000,40,120,30,2800000,,3042
,,,,,,,,,,,,,,,,,,,,,,,,,,,,,,,,,
"Einherjer Lion Hearts","thule_einherjer_lh",,,,450,150,400,,80,0,205,200,80,115,230,10,"NONE",,0,0,0,,,1,1,,,,,,,,3000
"Einherjer Purple Hearts","thule_einherjer_ph",,,,400,100,400,,100,0,205,200,80,115,230,10,"NONE",,0,0,0,,,1,1,,,,,,,,3000
"Einherjer Red Barons","thule_einherjer_rb",,,,400,100,400,,60,0,225,220,120,125,250,10,"NONE",,0,0,0,,,1,1,,,,,,,,3000
,,,,,,,,,,,,,,,,,,,,,,,,,,,,,,,,,
,,,,,,,,,,,,,,,,,,,,,,,,,,,,,,,,,
,,,,,,,,,,,,,,,,,,,,,,,,,,,,,,,,,
,,,,,,,,,,,,,,,,,,,,,,,,,,,,,,,,,
,,,,,,,,,,,,,,,,,,,,,,,,,,,,,,,,,
,,,,,,,,,,,,,,,,,,,,,,,,,,,,,,,,,
,,,,,,,,,,,,,,,,,,,,,,,,,,,,,,,,,
,,,,,,,,,,,,,,,,,,,,,,,,,,,,,,,,,
,,,,,,,,,,,,,,,,,,,,,,,,,,,,,,,,,
,,,,,,,,,,,,,,,,,,,,,,,,,,,,,,,,,
,,,,,,,,,,,,,,,,,,,,,,,,,,,,,,,,,
"floating Cosmonaut","cosmonaut","Corpse",,1,1,0,0,0,0,0,3,1,1,1,1,1,"NONE",,0,0,0,,,1,1,0,0,0,0,0,1,"CIVILIAN",3042






Atlas_B,exerelin_atlas_b,Superfreighter,flarelauncher,15,8000,250,4000,5000,200,45,25,5,2,3,2,4000,OMNI,,45,0.5,1,,,50,100,2000,700,10,70,20,20000,CIVILIAN,502
Atlas_Algae,exerelin_atlas_algae,Superfreighter,flarelauncher,15,8000,250,4000,5000,200,45,25,5,2,3,2,4000,OMNI,,45,0.5,1,,,50,100,2000,700,10,70,20,20000,CIVILIAN,502
Atlas_S,exerelin_atlas_s,Superfreighter,flarelauncher,15,8000,250,4000,5000,200,45,25,5,2,3,2,4000,OMNI,,45,0.5,1,,,50,100,2000,700,10,70,20,20000,CIVILIAN,502
Atlas_BlackRock,exerelin_atlas_blackrock,Superfreighter,flarelauncher,15,8000,250,4000,5000,200,45,25,5,2,3,2,4000,OMNI,,45,0.5,1,,,50,100,2000,700,10,70,20,20000,CIVILIAN,502
Atlas_Valk,exerelin_atlas_valk,Superfreighter,flarelauncher,15,8000,250,4000,5000,200,45,25,5,2,3,2,4000,OMNI,,45,0.5,1,,,50,100,2000,700,10,70,20,20000,CIVILIAN,502
Atlas_Ged,exerelin_atlas_ged,Superfreighter,flarelauncher,15,8000,250,4000,5000,200,45,25,5,2,3,2,4000,OMNI,,45,0.5,1,,,50,100,2000,700,10,70,20,20000,CIVILIAN,502
Atlas_Thule,exerelin_atlas_thule,Superfreighter,flarelauncher,15,8000,250,4000,5000,200,45,25,5,2,3,2,4000,OMNI,,45,0.5,1,,,50,100,2000,700,10,70,20,20000,CIVILIAN,502